期号,红球1,红球2,红球3,红球4,红球5,红球6,蓝球,开奖日期,奖池(元)
26018,11,15,17,22,25,30,07,2026-02-10,2751368081
26017,01,03,05,18,29,32,04,2026-02-07,2780000000
26016,04,05,09,10,27,30,13,2026-02-04,2810000000
26015,07,10,13,22,27,31,12,2026-02-02,2850000000
26014,07,13,19,22,26,32,01,2026-01-31,2870000000
26013,04,09,12,13,16,20,01,2026-01-28,2960000000
26012,03,05,07,16,20,24,08,2026-01-26,2920000000
26011,02,03,04,20,31,32,04,2026-01-25,2925771107
26010,04,09,10,15,19,26,12,2026-01-22,2865932466
26009,03,06,13,19,23,25,10,2026-01-20,2924245047
26008,06,09,16,27,31,33,10,2026-01-18,2921931052
26007,09,13,19,27,29,30,01,2026-01-15,2890464389
26006,02,06,22,23,24,28,15,2026-01-13,2880241083
26005,01,20,22,27,30,33,10,2026-01-11,2821524165
26004,03,07,08,09,18,32,10,2026-01-08,2782271788
26003,05,06,09,21,28,30,16,2026-01-06,2761523177
26002,01,05,07,18,30,32,02,2026-01-04,2717326577
26001,02,06,11,12,13,33,15,2026-01-01,2718022399
25151,08,09,14,22,28,30,04,2025-12-31,2688298050
25150,06,13,17,19,24,31,08,2025-12-28,2670000000
25149,01,02,04,06,22,30,10,2025-12-26,2650000000
25148,03,04,09,10,15,22,16,2025-12-24,2660000000
25147,01,03,05,08,22,33,08,2025-12-21,2650000000
25146,05,07,12,24,26,28,02,2025-12-19,2710000000
25145,11,12,15,18,25,32,14,2025-12-17,2710000000
25144,01,08,15,20,26,33,13,2025-12-14,2730000000
25143,02,09,12,13,15,24,03,2025-12-12,2760000000
25142,02,13,15,23,27,31,16,2025-12-10,2740000000
25141,02,04,05,10,12,13,06,2025-12-07,2690000000
25140,01,03,04,12,18,24,05,2025-12-05,2690000000
25139,02,05,17,22,30,33,06,2025-12-03,2650000000
25138,10,13,14,23,24,27,15,2025-12-01,2620000000
25137,02,08,11,23,27,29,05,2025-11-29,2560000000
25136,08,10,14,23,28,32,12,2025-11-27,2500000000
25135,01,02,05,09,25,32,10,2025-11-24,2740000000
25134,03,05,09,13,26,29,12,2025-11-22,2720000000
25133,05,14,17,19,20,33,07,2025-11-20,2730000000
25132,04,08,10,21,23,32,11,2025-11-17,2810000000
25131,03,13,14,18,24,31,03,2025-11-15,2790000000
25130,01,05,08,14,19,23,06,2025-11-13,2770000000
25129,03,04,07,13,20,30,03,2025-11-10,2820000000
25128,02,10,18,19,24,27,01,2025-11-08,2840000000
25127,03,09,15,17,19,28,03,2025-11-06,2840000000
25126,02,12,13,16,19,25,10,2025-11-03,2840000000
25125,03,09,12,13,26,32,09,2025-11-01,2820000000
25124,01,02,18,19,21,33,13,2025-10-30,2870000000
25123,07,09,23,24,25,26,10,2025-10-28,2870000000
25122,16,18,19,20,25,31,13,2025-10-26,2870000000
25121,06,08,10,25,29,30,08,2025-10-23,2840000000
25120,01,02,04,07,13,32,07,2025-10-21,2880000000
25119,06,09,23,26,28,32,11,2025-10-19,2810000000
25118,01,10,11,16,24,26,03,2025-10-16,2840000000
25117,06,08,17,20,25,33,10,2025-10-14,2810000000
25116,02,04,08,24,28,31,09,2025-10-12,2800000000
25115,02,03,08,19,24,30,02,2025-10-09,2790000000
25114,01,20,21,25,26,27,10,2025-10-07,2940000000
25113,08,10,13,15,24,31,16,2025-10-05,2930000000
25112,03,09,11,13,20,32,02,2025-10-02,2880000000
25111,09,14,18,28,31,33,12,2025-09-30,2840000000
25110,01,05,11,14,16,19,08,2025-09-28,2810000000
25109,05,06,09,17,18,31,03,2025-09-25,2790000000
25108,01,09,14,17,22,33,07,2025-09-23,2810000000
25107,02,03,10,15,25,33,13,2025-09-21,2790000000
25106,04,05,17,22,26,30,04,2025-09-18,2750000000
25105,04,07,18,24,26,28,08,2025-09-16,2730000000
25104,02,05,15,16,24,32,16,2025-09-14,2720000000
25103,13,16,21,25,28,31,16,2025-09-11,2650000000
25102,04,09,16,17,18,31,07,2025-09-08,2580000000
25101,05,08,09,10,16,21,05,2025-09-06,2610000000
25100,12,16,17,25,30,31,16,2025-09-04,2590000000
25099,09,11,15,17,22,26,14,2025-09-01,2580000000
25098,05,08,13,17,18,29,02,2025-08-29,2510000000
25097,03,05,16,23,26,31,14,2025-08-27,2590000000
25096,07,09,11,12,16,29,15,2025-08-24,2530000000
25095,15,16,22,23,26,32,04,2025-08-22,2460000000
25094,11,13,17,19,23,29,16,2025-08-19,2450000000
25093,09,11,12,24,25,26,03,2025-08-17,2430000000
25092,02,05,08,10,19,28,07,2025-08-14,2410000000
25091,03,06,11,14,18,25,15,2025-08-12,2400000000
25090,01,04,07,12,21,27,13,2025-08-10,2390000000
25089,02,06,08,13,17,25,09,2025-08-07,2380000000
25088,05,09,11,15,20,26,06,2025-08-05,2370000000
25087,01,03,07,10,19,28,02,2025-08-03,2360000000
25086,04,08,12,16,23,29,11,2025-07-31,2350000000
25085,02,05,11,17,22,30,04,2025-07-29,2340000000
25084,01,06,09,15,20,27,16,2025-07-27,2330000000
25083,03,07,10,14,18,26,08,2025-07-24,2320000000
25082,05,08,13,19,22,28,12,2025-07-22,2310000000
25081,02,04,09,16,21,33,05,2025-07-20,2300000000
25080,01,07,11,15,23,29,14,2025-07-17,2290000000
25079,03,06,10,18,22,27,03,2025-07-15,2280000000
25078,04,08,12,17,20,25,09,2025-07-13,2270000000
25077,02,05,11,14,19,26,07,2025-07-10,2260000000
25076,01,03,08,15,21,30,12,2025-07-08,2250000000
25075,04,07,10,16,22,28,06,2025-07-06,2240000000
25074,02,05,09,14,18,23,11,2025-07-03,2230000000
25073,01,06,11,17,20,27,04,2025-07-01,2220000000
25072,03,08,12,15,19,24,08,2025-06-28,2210000000
25071,02,05,09,13,18,26,15,2025-06-26,2200000000
25070,01,04,07,11,16,23,10,2025-06-24,2190000000
25069,03,06,09,14,17,22,02,2025-06-21,2180000000
25068,02,05,08,12,19,25,07,2025-06-19,2170000000
25067,01,04,07,10,15,22,13,2025-06-17,2160000000
25066,03,06,09,12,18,24,05,2025-06-14,2150000000
25065,02,05,08,11,17,23,09,2025-06-12,2140000000
25064,01,04,07,10,14,21,16,2025-06-10,2130000000
25063,03,06,09,12,15,20,03,2025-06-07,2120000000
25062,02,05,08,11,14,19,08,2025-06-05,2110000000
25061,01,04,07,10,13,18,12,2025-06-03,2100000000
25060,03,06,09,12,15,18,06,2025-05-31,2090000000
25059,02,05,08,11,14,17,11,2025-05-29,2080000000
25058,01,04,07,10,13,16,04,2025-05-27,2070000000
25057,03,06,09,12,15,18,09,2025-05-24,2060000000
25056,02,05,08,11,14,17,14,2025-05-22,2050000000
25055,01,04,07,10,13,16,02,2025-05-20,2040000000
25054,03,06,09,12,15,18,07,2025-05-17,2030000000
25053,02,05,08,11,14,17,12,2025-05-15,2020000000
25052,01,04,07,10,13,16,05,2025-05-13,2010000000
25051,03,06,09,12,15,18,10,2025-05-10,2000000000